<?xml version="1.0" encoding="UTF-8"?>
<PeakList>
  <PeakList2D>
    <PeakList2DHeader creator="nmrsu@granada.bio.ucalgary.ca" date="2007-11-02T12:43:44" expNo="2579" name="Met_Tool_2D_DB" owner="nmrsu" procNo="1" source="/opt/topspin">
      <PeakPickDetails># Manually picked peaks
</PeakPickDetails>
    </PeakList2DHeader>
    <Peak2D F1="67.0564" F2="4.0057" intensity="1300502.34" quality="0.0" type="1" volume="0.0" volumeError="0.0"/>
    <Peak2D F1="26.3628" F2="1.1588" intensity="1.366010584E7" quality="0.0" type="1" volume="0.0" volumeError="0.0"/>
  </PeakList2D>
</PeakList>
