<?xml version="1.0" encoding="UTF-8"?>
<PeakList>
  <PeakList2D>
    <PeakList2DHeader creator="nmrsu@granada.bio.ucalgary.ca" date="2007-08-10T13:40:57" expNo="41" name="Met_Tool_2D_DB_CD3OD" owner="nmrsu" procNo="1" source="/opt/topspin">
      <PeakPickDetails># Manually picked peaks
</PeakPickDetails>
    </PeakList2DHeader>
    <Peak2D F1="127.1508" F2="6.2413" intensity="258351.75" type="1"/>
    <Peak2D F1="131.5796" F2="6.3069" intensity="993136.63" type="1"/>
    <Peak2D F1="127.1508" F2="5.6968" intensity="4127135.69" type="1"/>
    <Peak2D F1="41.8597" F2="3.9525" intensity="276041.63" type="1"/>
  </PeakList2D>
</PeakList>
